Quantity,Designator,Part Number,Manufacturer,Description,Fitted

"3","C4, C7, C11","GRM188R61C475KAAJD","Murata","CAP CHIP 0603 4.7uF 10% 16V X5R",""
"5","C5, C6, C8, C10, C12","GRM155R61H104KE19D","Murata","CAP CHIP 0402 100nF 10% 50V X5R",""
"2","C9, C20","CL05A105KP5NNNC","Samsung Electro-Mechanics","CAP CHIP 0402 1uF 10% 10V X5R",""
"6","C13, C15, C16, C17, C18, C19","CL21A226MAQNNNE","Samsung Electro-Mechanics","CAP CHIP 0805 22uF 20% 25V X5R",""
"1","C14","GRM1555C1H330JA01D","Murata","CAP CHIP 0402 33pF 5% 50V C0G",""
"1","C21","FV21X472K102ECG","PSA Shenzen","CAP CHIP 0805 4.7nF 10% 1000V X7R",""
"2","D2, D3","PMEG6020AELRX","Nexperia","DIODE SCHOTTKY SMD 2A 60V SOD123FL",""
"1","D4","PRTR5V0U2X,215","Nexperia","TVS ARRAY 4LIN.8kV 1pF SOT143B",""
"3","DL1, DL2, DL4","KPT-1608YC","Kingbright","LED SMD 0603 GIA588   8mcd 120^",""
"1","DL3","HSMG-C190","Broadcom","LED SMD 0603 GREEN/568 15mcd 120^",""
"1","J1","PH2-06-UA","Adam Tech","CONN Header Through Hole 6 position 0.100"" (2.54mm)",""
"1","J2","HPH2-A-10-SGA","Adam Tech","CONN CONN STRIP THD 1,27 M/2/D 10v AuF H6,3 JTAG",""
"1","J3","CX90B-16P","Hirose","CONN RCPT USB3.1 TYPEC 16POS SMD",""
"1","J4","19TW-746","4UCON","CONN PWR JACK 2.1X5.5MM SOLDER",""
"1","JANALOG","20TW-995","4UCONN","CONN STRIP F/1/D 14v SER.NERA s1pin",""
"1","JDIGITAL","20TW-994","4UCONN","CONN STRIP F/1/D 18v SER.NERA s1pin",""
"2","L1, L2","BLM18PG471SN1D","Murata","FERRITE SMD 0603 470R 1A 0.2R",""
"1","L3","PMF42-103MN","K-WELL","IND 10uH 20%, max 235mR, IDC 2.3A, Isat 2.3A, shielded, max 5MHz, 4.5x4.5x1.8mm",""
"1","PB1","1571636-3","TE Connectivity","PUSHBUTTON SMD 6x6 5 PINS",""
"9","R3, R4, R5, R6, R7, R8, R9, R24, R25","RC0402FR-075K1L","YAGEO","RES CHIP 0402 5k1 1% 1/16W",""
"1","R10","WF04H1003BT","Walsin","RES CHIP 0402 100k 0.1% 100ppm 1/16W",""
"2","R11, R20","CRCW04020000Z0EDC","Vishay","RES CHIP 0402 0R 1/16W",""
"3","R13, R21, R22","CRCW0402100KFKEDC","Vishay","RES CHIP 0402 100k 1% 1/16W",""
"4","R14, R15, R16, R17","CRCW0402330RJNED","Vishay","RES CHIP 0402 330R 5% 1/16W",""
"1","R18","RC0402FR-0713K7L","YAGEO","RES CHIP 0402 13k7 1% 1/16W",""
"1","R23","CRCW04021M00FKED","Vishay","RES CHIP 0402 1M 1% 1/16W",""
"1","R26","WF04H1372BTL","Walsin","RES CHIP 0402 13k7 0.1% 100PPM 1/16W",""
"1","U1","R7FA4M1AB3CFM#AA0","Renesas","IC uC RA4M1 32b M4 48MHz 254KB flash 32KB RAM 105�C LQFP64 10x10mm",""
"1","U2","ISL854102FRZ-T","Renesas","IC BUCK Vin 40V Iout 1.2A 2MHz 12DFN 3x4mm",""
